Soil_Quality,Vibration_Intensity,Acceleration,Inclination,Warning_Signal
0.8152007393473021,3.7050436944756426,3.4934546991933826,38.924778012676015,1
1.1750244634470492,3.0501899573467806,6.263139206359768,2.8111072949913267,1
1.3610468178761663,4.3808926561725325,5.380697272142023,16.268523273983998,0
0.7791081176295165,0.8533511385934125,9.156659152588102,23.5719656163155,0
1.2215892410355127,2.447401121397752,3.7024819771934196,20.533253922940148,2
0.9337035348562084,4.169115994252404,4.3523356702282925,2.809489239596557,0
0.5863901954250519,3.654940794553438,0.05514725038914486,12.501323371053541,1
0.5883447702050913,1.502007480262478,2.807297647825015,20.5876812925335,1
0.6709164173824601,1.4397504877425025,7.121191654103203,1.242978287750776,0
1.2073694361377314,2.1098456355294815,7.027064324592931,25.288759978527615,0
1.3427497801425148,0.1908015326063548,1.7294924263530698,33.15692504481965,0
0.5685378994410017,0.8839893214824747,9.655005511241246,9.186752362362828,0
0.7814443937491347,1.8864154266105166,4.421848132176851,21.616797519944445,0
1.396392060207959,3.660501585340894,2.543107433075084,19.422781600899086,1
1.1459236603313872,3.193720427531946,7.128681538461478,14.848812074815283,0
0.8414248239190701,4.96840415688087,5.915025971723405,31.957898806101916,2
1.1164672582870714,1.7802342427802846,4.4463299162581205,34.36420149423787,0
0.8290944694345463,4.295305312138808,7.906236722635048,11.655980867150632,0
0.6558973319214555,1.794262003692114,6.077595911370668,44.543941155264,0
0.5005649492065842,1.3375586296905753,9.482667964798996,21.491847148670473,0
1.2480554154402161,2.525524393665393,8.137655040729587,43.307920729682245,0
0.9523136371304427,2.481635882024508,5.373336338717972,3.9371748731236695,0
1.3454335364487564,1.6267823302451336,6.311826980406004,37.64851650861463,0
1.3039427753346415,4.456322947219132,5.1122799608721,26.151381942212222,1
0.5361311575067462,4.649866682803564,4.428979647137525,43.00298192014282,2
1.024133601101179,2.7268166799793088,6.545353510678835,29.17444570424486,1
0.8402121106011303,3.299218092741093,2.24378132200354,30.866006537875332,0
1.4094023750942783,3.4452804910421433,2.789711566424446,28.91281492896396,0
1.477490952102079,1.5395184252385805,2.036336656448833,7.48637072570073,0
0.7420988790538041,3.41089123455551,5.766373393472996,27.4433534877919,0
0.7088292064352826,2.07687401869175,8.878307817973516,18.197812006845794,2
0.64738957093162,2.1624434850488834,9.424121159130257,32.52432818861966,0
1.4001134133571278,4.393674773421651,1.8316870121531348,15.366994543885752,0
0.9464124980266542,2.832070839031796,2.199040646290656,33.79563652461877,0
0.7253562681148847,4.6777687814683455,4.69243253725518,43.18585501986895,1
0.8057142151311671,3.6783141073120404,5.839070799903757,5.327150624574284,0
0.90492402381999,2.808747918557439,4.8427526833771,24.080156977983087,1
1.4805913640190864,3.5583367133465447,2.9147636746096417,29.247788928766113,0
1.3954332150460798,1.7253021000148636,6.95924508428516,18.456098400520997,0
0.9928079049414874,2.3677845426554924,1.759723574125578,36.38656142260521,1
1.3651606819084547,2.29525404407212,0.8834504371049399,39.67823731936338,2
0.7392074655271129,4.154687166901214,2.0599477326090567,24.156218441455223,0
1.027056956563877,1.6629825058100511,8.756955996101217,20.23756375117752,0
1.2826858444595608,2.8108443712596465,1.9926689319904798,33.01671421487396,0
0.6679466077636198,2.200264018719699,4.504694640380979,5.376393053747187,0
1.0203868880127613,4.718868588809455,2.4436140914094433,27.12961038295847,0
0.849785064523177,4.286982792320134,9.009788330153432,11.154252045716722,1
1.276038909046466,4.663248688408188,7.874729205925903,42.96025918799348,1
1.3598556627367038,2.2478886519307295,3.700794888333403,26.406379647702032,0
0.6345217491936944,2.045447589417967,7.94116627125347,39.89197591550014,1
1.2994553747543274,1.4379283257143847,9.562087635767508,13.034392855285764,1
1.147437088700926,1.2670231498343525,5.784274953078411,23.19849306502585,1
1.498653726465697,2.2719918139496142,2.142563723038607,9.910219541194932,1
0.86258304472887,0.915683401589074,3.419182302198731,35.12009916124698,0
0.9365282331552595,4.981184803018305,5.1136836348438175,21.39863638020732,0
1.0431419869781045,0.9544703414681383,5.743878679491661,6.41438610025581,1
1.294812288889567,3.782474849148003,8.003754149049932,7.8576895850335795,0
0.9779194824687586,4.186074469553907,4.61291432767432,34.98755180560895,1
0.6885319597911667,4.799812724513248,0.42747903377587126,3.9917632638492755,1
1.3311573038036548,1.5769177229127125,0.6357998845977464,21.548924004041552,0
0.717498187126949,4.395668422774649,8.902354462467509,11.759440148686625,0
0.6357626425359728,1.5236940060806539,6.167358020987943,41.598784793669196,1
0.9073947879220647,2.5730541464287717,7.875820921969349,10.517222311036049,0
1.0743386517167588,2.931466690014976,6.717102345085066,7.563261434626384,0
1.329655721487688,2.6066915156908346,8.841320881367992,20.29117743283006,0
0.6650022161044129,0.8879422045001464,0.17732183429505957,30.265529978590905,1
0.6169191435265311,4.947795474525021,4.456179731854327,31.04242206483703,0
1.461708008303983,0.9401731543958817,1.3143243453362472,29.06407263565814,1
1.275133701988948,0.4208603555741891,4.894717027499806,14.398268048516913,0
0.9170814364658872,0.12123429769855866,8.847154659208138,1.174088622652204,1
1.2396693558969845,3.762715698784054,3.925157238620084,29.597433278207816,0
0.6564358067913371,0.34920678260943594,1.1006654956990671,40.529085730823205,1
0.5844339600037904,1.1990560657941334,2.1856641346709935,14.294273559797052,0
0.8886413210666391,2.6628525723813583,4.960270709319897,6.82399550048591,1
1.3223302581819247,1.1758226042096616,6.363036655737517,13.55139851493198,0
0.7282939314250102,4.1623593183739365,0.010330965844923858,24.992625557903587,1
0.6189606574392172,2.4335929930620734,3.8007772447942316,34.55133047592102,0
1.077454365953213,4.458951677230982,6.339762621638875,30.627149819071388,0
1.4620384089755551,4.449511381106481,6.3739485971152625,25.414864987689786,1
0.7593590237962761,2.409221292102049,5.995653430948692,39.485656290734376,0
1.0420103542517123,1.1620595004181251,0.16961396723970545,34.57698973901841,0
1.238916004134748,1.8883643829680816,8.17878063900479,9.004690407883377,2
0.851438348863526,4.438169330031759,7.361154740789168,33.04670237393335,0
0.8363408466571344,4.139939548228531,2.3513203014827844,11.7235940928198,0
1.1640545990647833,1.2714043270467748,4.471496749016866,44.39113055236368,0
0.9493806874746699,2.515063388444778,9.208576806369546,12.718551994079215,0
1.4212457830811345,3.7001802891052002,5.97876384135508,3.1539471663591567,2
0.6450712335489044,1.6090010969938853,7.294681739437208,28.58172696825523,0
0.882954128927139,3.543730186170849,7.144513737806884,28.156907950162374,1
0.5295839730222283,0.5709681255294611,5.46511813320275,34.18882361981004,0
0.6928835029288997,2.699484736321397,5.087337793764354,36.373684726121986,1
0.924614355805791,2.0374876930858794,9.11953861102123,43.80170517308772,1
0.8693526118428632,0.4036280468901262,4.894941048031575,34.3500633714696,1
0.8280066456662265,4.201229711848957,1.297473702198698,38.41717707260287,1
0.5340462931777923,1.4966024894496721,6.11543962682933,42.149095519530775,1
1.0846066616204242,1.034492506143749,3.4727451487110685,11.595798957686313,0
1.3892374465091049,2.925124241358414,0.449976716085939,8.373625746385216,1
0.785308045848458,4.452452302252403,3.387899058939314,24.737467002269014,0
0.8020307584764224,4.147072920188607,9.470640243441052,16.31038202519358,1
1.1752301964548089,0.7191295449638726,7.024801873669882,1.8374414725945503,0
1.2744145900234571,2.13087486582575,4.42416957404839,36.738037556032,1
1.4228365858245158,4.754048118449136,8.748002339572766,10.096743111065571,0
0.817736800575698,1.0026875891946847,4.060937181279385,20.285945498883024,0
0.8283386529189022,2.7464345104175756,7.029835684025823,34.77454301767822,0
1.0813858900014226,0.12887903786607555,9.207349479904245,26.179949484163195,0
0.7566036526419677,0.5649188217268211,0.35350323529679695,44.0796051041871,0
0.7140513828750128,1.4156951268702287,8.548089150740536,37.67999855964358,0
0.8520132545118041,1.2798126876015405,2.8514342278545985,37.61566276941167,0
0.7016712868454025,2.838447280537438,5.000798528046053,35.865178922989756,0
0.6524006865731671,1.0747153686325006,5.991944105751071,33.69553010013684,0
1.2681290203128452,3.1483728530776145,3.9636134383084936,26.211535246607692,2
1.3235806390984022,4.389735717306336,4.4400017587740646,34.82607141776622,0
1.4852744024877682,4.097358883131426,2.782719900276986,27.28135766770112,0
0.8367562044237711,3.6451424478038073,7.721519547728571,19.38384922861297,0
1.3427611935511146,0.6387482249760841,1.9747297439935536,23.71629289658568,0
0.5703087167430363,1.2786425038982636,5.464387646278045,24.472590599404416,0
0.999861609250761,1.7293135479433666,4.23448839000852,44.32773986727603,0
0.6095315420082654,3.335779419149415,5.711453461132569,21.856019277102163,0
0.7547691276099064,1.577613275407032,5.3810013469351965,34.587672651451214,0
0.6781241736135946,0.2162590585569502,3.60254023696021,26.765765600433035,0
0.948267119058871,3.892527681564676,5.735440813703852,21.23501809894592,1
0.9238067223707972,4.4914830672209005,3.1044309919400472,39.78449190061259,0
0.9261365071841352,3.508113489139671,3.340326723740099,29.70583776355889,0
0.7203602332990798,1.7371445593939243,4.989607590168445,37.9575830859387,1
1.3242229153783587,3.2656209263398988,4.174037004707512,41.137232466255114,0
0.6613183026779266,3.615559809834789,7.958405009140892,31.46150784718657,0
1.265093981114084,0.8810620679460597,6.79418363201037,8.99657909464172,0
1.4024646609600393,4.21878969997121,0.8107822944467574,38.509965091247516,0
0.8473110137724488,3.7295237362739737,0.27592484758379854,4.272981144022646,1
1.1841885251450655,2.656883145850284,4.6586837836991295,5.491836318973361,1
1.2648233255120707,0.7418998324420185,3.8071388363152336,19.44999821584228,0
0.8599107632419931,4.13903788397993,1.6209910059947128,2.3013604687952594,2
0.962981211040094,1.8227694312663265,1.9425585722024588,2.176768019119708,1
0.5173374721386867,0.9830560432847956,0.8377785826047551,44.64457853070894,1
0.711708292802641,4.961257252515003,0.06293870207636872,31.666962117821697,1
1.0255103339807334,3.091207912780478,6.1141896765771335,35.04748365014118,0
0.7367689664998194,3.984613478361411,1.7154348328642435,38.997375781984786,0
0.7579579100422476,0.7692573712487892,9.66795430497105,1.7438617233004539,0
0.8586225737083443,3.130221004171178,3.4107903674411424,19.16839612667683,0
1.1472875596505812,3.6969172181726644,1.8372992854590817,38.384766161278534,0
1.0328421133558832,1.4523593885499766,2.183099434939083,33.9526311465411,0
0.6249964462590211,0.8333320092473326,6.389422396114186,5.510988084761107,2
0.97245353549922,3.811267146794039,4.26792149355975,42.23261536549571,1
0.6472206236277865,1.4294037775995125,0.17549755333215084,37.560999249995696,0
0.9309368519965687,2.987073005161198,0.8594554150920904,17.97412488668589,1
1.3969117110587241,3.9176378402791756,3.1989999634894817,42.083100499001645,0
1.0084166134363488,0.6910175990248716,1.3066504532836751,36.3577652276408,0
1.499869052560262,2.6968264023324675,0.3058567442763419,6.395961434306157,0
0.8826853439597236,3.8465283815007245,8.737012977803502,17.012828323522506,1
0.6711132252198626,0.8255505646288743,6.211158392719937,17.393753838200727,1
1.3648711265474147,0.3929777403748458,3.695750722527708,42.12637515063368,0
0.6874732476213691,1.744465596199936,9.696233911682432,20.971235771643503,1
1.0592827983538293,4.177260942177824,9.759782667024968,22.913911610404636,0
0.9178824587601874,1.1940796072632682,6.95042500307972,7.326542674672896,1
1.4451158560447217,1.375256095780777,5.247494154120306,11.942798029233781,1
1.4199425511249644,0.3682637952967186,5.98116748311135,12.61752029343308,1
1.153648324704056,1.3620873490815584,5.921363965791498,37.84333482859184,1
1.3649509210530248,2.7465096964547198,2.5696073124283214,17.9984653037713,1
0.7259242376382,4.081627404297451,5.478740702730189,16.5929408915096,0
0.972493497595472,0.9808648548366368,1.0698379650175152,25.12061202210435,0
1.463621892454476,1.5091629764093115,0.7093337954006967,11.530033393028454,0
0.8776908733087968,1.454348231675876,2.891855602730502,1.979020777148632,0
1.1396019325486542,2.9010872470115605,2.6961914604227104,24.612151643425214,0
0.7605664693661525,2.7580554090758276,7.718304878787845,16.96226364519672,1
1.0722860417367033,1.9149128005146971,0.6507880827788338,20.948240847044197,0
0.9290319769759858,4.463428735420321,0.41961374545321056,29.784713365176234,0
0.5534710632679344,3.826440859916456,4.17212193134988,39.195796433038474,0
1.2203578775052861,2.657244721776459,6.930904600871067,14.636891931661454,0
0.7016048844113182,3.0401975883009467,9.500282072767599,39.57700727213159,0
1.1095280881453151,1.5560744964359192,2.891076899578151,28.5450719972603,0
1.1296610201590767,4.876562670664677,0.4239342281158071,42.26255207021752,0
1.2387701610968693,1.5521219250870875,8.06203718982964,25.064747820796992,0
0.9844084190552791,3.1909301783220743,6.210060911553107,33.966453692496835,0
1.325609602005672,4.158109344946702,8.231599898097024,1.7256399821937796,0
0.8953876784076054,4.908756580848362,0.570232293271612,2.60787924913166,1
0.8777285056162949,3.756137445178566,2.016585807945232,3.886509946790173,0
0.9427689342806431,0.3610705509390567,8.851776074538055,39.02053757032721,0
1.3751233567289973,1.0562334371703197,8.338088747500915,7.617353550931167,0
1.2294246249714023,3.194418147269841,4.414273281205028,8.767343293487567,1
1.1234921941034015,0.9077824905594423,8.501551795629954,2.8121526230872003,0
1.203180837482422,2.8190318947150157,7.171589779895059,38.90262374701792,0
1.26149081798162,3.6357242834649792,7.947565462982336,3.890666691828668,0
1.1338874695343084,3.7524416321928196,2.328720279218192,30.54442084197954,0
0.9659025972617301,2.378371089541718,2.6332867222415524,16.088179526061406,0
0.7259369135318018,0.5210836521615091,7.5610632341511215,13.045665765413643,0
1.4240948103366828,2.0417768700167866,8.378747519276748,36.9301486549252,0
1.2208830050459423,1.31095779180426,7.697521960949906,16.16275704109192,0
0.7433700085123869,4.226254564767906,1.902061345701459,1.237543758193647,0
1.3850637123999245,4.64417427080596,9.0307885374974,9.155795499428084,1
1.2318359772310088,4.497201407202334,9.563506593302629,19.09954033625517,0
1.1087809220677751,2.388599709045655,0.5498661167729026,4.862676546893735,0
0.9240071340713264,1.6619217824041392,8.71626522916792,4.743791081475249,1
0.9801206054340145,4.105308882856327,7.449177111604572,9.405257697767414,0
0.981567305800983,2.392282668836356,1.8879536813016098,24.316735795076454,0
1.0844795822292768,3.7532275913880153,2.041137406024684,31.880825821898902,0
0.8543934746775447,1.6832424840762858,2.3979844815096953,29.776094163644405,0
0.92757764987068,4.539277684435282,0.42570388686719046,0.1853804870065695,0
0.8475854392664999,4.677495995556474,3.058878072168647,20.15800168696926,0
1.4724623444988494,1.1669465093985285,7.941217300499667,19.681230494197635,0
0.97681771077577,2.7289484542000166,2.0923994936375423,10.08720387375838,0
1.2463663390324204,3.4709314595613754,2.2890727563161763,26.80113328862637,1
0.9295763543303753,1.3966426520211102,7.118090008028266,11.597727046682937,0
1.3465070860331885,0.9477371545398805,7.173713969944917,44.51513668620276,0
0.8183495541242357,1.177491134778154,3.936132708508922,31.257842543097986,1
0.7902827142526663,4.205060480714607,8.235268546534812,41.26085432989758,0
0.5419196049232923,1.6510724133992978,3.5841967304544267,2.651303772248032,1
0.968093971414723,2.550457859835244,2.1915038593961267,17.136931067099784,0
1.2535798414375876,0.1924976964830363,2.359794590212148,3.728197500624582,0
0.7560550020418021,1.3128058049472342,2.4871194438057453,28.46546959472926,0
0.8457809482990858,2.6672758386328823,1.6807541206940781,6.680403997565653,0
0.6903392130235684,1.8002029549391054,1.0964093131605726,12.846896388389943,0
0.6056242737219356,4.410277343041892,1.432030429858724,22.79384627812446,1
1.3806393701118744,2.740138018783714,2.2427705704091454,42.6599782312411,1
1.0689977265167392,3.7271284647706344,7.52974205159619,42.32928319611464,2
1.3758606372527515,3.119374557934553,1.3616833923689784,21.85213367163155,0
0.5219930810344278,4.867649823796592,4.380098025334481,17.517424472604766,0
0.5084380791211843,2.411470775537719,1.4283519800787086,15.206352067310773,0
1.0665402166052231,1.3541640895167675,4.051737785170681,43.176593934630375,0
1.0115474377906972,0.6462231738622869,1.482879270260099,33.50977536754171,0
0.8343386719291697,4.767761329837606,3.122707427718861,25.059682147580745,0
0.8874449364129255,0.41150532702949716,1.006211343714767,4.161293750340473,1
0.5266314378483189,1.9064393259185475,7.607889424207113,6.693800340521533,1
1.2745409137393167,0.38521445660605147,0.4708812941706782,38.52950146051869,1
0.9133352646872316,2.5282241366311315,8.87069017670344,43.31072489205951,0
1.230840688833306,0.5943852534916828,7.4354240034608265,36.432215892425624,0
1.4372540551225839,0.9618879598820124,5.2701598171142985,19.34389953924009,1
0.5089252284595303,3.710730538603199,2.436028428243176,10.868315133132045,0
1.237855973619804,0.43299840125450584,0.8924581589547962,6.085052834689384,0
1.379931233771615,3.250303419740666,7.976597371940733,6.7545715896257725,0
1.3590429396903112,4.654645415294562,5.7083927849317195,16.504904150868676,0
1.4177340623333352,4.183981460740373,4.226231685839704,33.49069269886237,2
0.6748508570079262,2.7868094815529796,4.862870436643164,32.35561629798746,1
0.5908750558340103,0.20403705791008642,4.0512567036144045,19.978716361841418,1
0.5056084968998408,4.760959860131469,4.443958872199868,16.90323749663555,0
1.0656673142942024,1.102657582807348,1.811055748542835,17.67117165141959,0
1.326031631032523,3.963232054290362,6.623393931514267,36.08325538899677,0
1.2177546654553715,1.5983276608830612,2.590046409488412,6.2936583411293965,1
1.2565400817492156,2.3679747931456268,3.15163086672375,6.097296936635565,1
0.7784694685919553,2.130543181021094,4.7998495452941725,4.714983326273834,0
1.3995371454824919,4.074601845033606,9.65916767570159,41.155022682959824,0
1.3491906776443137,1.5887379326358595,4.4012715379236775,2.880936444704058,1
0.5781617345709202,0.9204155134985539,1.6682618207575477,30.725929227525302,0
1.3525311108709472,0.11426069225758184,6.480954080298919,21.620344183232948,0
1.323774172695775,0.390193028427252,2.0263036378825046,5.637507187916419,0
0.9907913405985578,3.0160880545798667,8.690603228214936,19.781790787697524,0
1.1917254967098159,4.659061046240682,7.120082237849069,12.972172067538978,0
0.6880237639030546,1.8705168946023054,0.6098883780253783,20.430452692469757,0
1.3461121278750778,1.92784865124106,2.713580412600685,40.32340728650449,2
1.3202578097937154,1.9053869548235134,2.943450371031557,8.790674220414534,0
1.3951905912205058,3.689229314196867,8.494245332206663,13.188138202819605,0
0.5231705640791501,4.307966684861967,8.073526092131756,37.0109341786442,1
1.3416943120208837,1.2266587856838298,8.463647881295346,27.57120000398488,0
0.6063198539165369,1.7878759441159113,9.779535199510605,7.836313472224984,0
0.7291726793213634,1.286135580908443,5.516501248222761,41.79509592338769,1
0.5463641058007456,3.684122012735427,0.6322004436664698,21.961979954873453,1
0.6348408959944633,1.590890789253115,5.167554718295596,42.55832547957907,0
1.1144060507909601,1.82675029488252,5.052312395278555,0.820271392705485,0
0.6678736678329716,4.880601156520051,4.705275540973538,18.783267187179472,0
1.3248278860012812,2.972445433689536,0.10635465387761621,19.42913169347028,2
0.8195688718782884,2.4128596447676047,1.383658226730826,14.125653447504146,1
0.9548785446304688,1.3571027210377857,1.9951061649492143,11.79701022848401,1
1.3559013073155723,1.8878623238296022,8.574442200723245,9.436764967404708,0
0.901040620314605,1.023367465532932,1.2052235199154866,27.00432193996771,0
1.0283274294257079,1.0904240820570117,4.2954081130863395,42.353228556070334,0
0.5322058311396112,4.498181351592552,5.864311013993791,33.23122895127433,0
0.8645060186091821,4.6105123400819386,2.4049151196356062,12.278224673367426,0
0.8728149752658215,4.50556249766409,2.714857135135731,25.5548350787714,0
1.3212722881452341,2.083812721320148,7.227417040098968,31.08822170043764,0
0.5994710021694598,2.959425143510619,7.902994974348669,22.58460668532181,1
0.6215809903423426,3.040361284832241,6.9152449160795815,26.646281748686405,0
1.2243426124342132,2.575120742835257,9.32805833521706,26.349196554721974,1
1.2524362308206536,1.687999560727203,2.796971125176858,31.441330338373316,0
1.0226895192882783,1.7739083668505382,9.79744095142558,19.586663406168928,0
0.8467408512877918,4.835810313254417,0.5913622903260429,32.63116616791709,0
1.0835097234133362,4.1486392833852,2.677029163908803,39.630549132094984,2
1.203134735052192,2.949106729614441,5.0388218085212,12.759180901915816,0
0.6399852833852165,0.5463549405236113,3.402628440391245,13.727346768585717,0
0.9736074297156104,2.269706262196878,1.3573509165345756,16.88656444767504,0
1.2319718016232586,2.1896208136615347,7.627064023185211,9.091846352936368,1
0.7616857507694743,2.5553475203785116,2.567964924778392,43.45949262159632,0
1.0168921672284295,1.8291124928116531,6.237174372600898,22.07703863415525,2
0.9151184531384094,4.129913259177104,6.898958889143457,13.818920760732626,0
0.6045241283966482,2.600763918047047,1.2565061349075013,26.945572575693063,0
1.2957793621054394,4.552914091345498,0.5089537099418654,34.82752588997213,0
0.5935277633368227,4.722810015079207,9.548472768792385,14.7067697516489,1
1.046245235305029,2.220113174671948,7.699596831979873,7.934868939623714,0
0.537425056432669,1.3268334696571118,3.72691577917305,42.84717078721143,0
0.8013448254782883,3.98254554255578,7.093925405637989,44.77124030569321,0
0.5031365484225598,4.409975844383311,7.2902520341175805,12.495676015422843,1
1.4583066563258655,0.8607749201187531,7.684289523677091,21.687435976866244,1
0.8328211624839569,2.729544959000194,7.972084862485719,1.239397747120388,2
1.4758105375747,0.16772801279865457,4.554310459902962,36.60626377442163,0
0.9799157782950527,1.3625438107859256,3.411499548540885,1.717015090411103,1
1.407345100475041,4.281187912017812,3.70778990279449,34.58373551213061,1
0.6876095892931877,3.042829329457226,4.492123746970634,12.480127024515376,0
0.5461234866074092,2.3773210523435,3.0495557644144733,42.08308668217648,0
0.6780371981600268,2.0272436091813986,1.9275535552612038,11.227759748187147,0
1.1048469155951337,0.41745085950393757,7.406695216376796,44.95982026585618,0
1.464466979084329,2.6389434730273194,8.648215592175507,6.2018456751549405,1
0.5404057115689633,4.6114260034571215,8.585135150626563,40.41638090102947,0
1.1534641555887966,3.260267458046624,2.9320286129520343,7.299771460580058,1
0.6034158131530158,1.8899199863292044,1.2645945803253016,37.15196918022876,2
1.038872369953254,3.6120991769530795,4.550520414312373,13.207066875378631,0
1.1502278259790515,3.044466073080517,2.166715704354287,20.016473697233206,0
1.0590234397826732,2.003802510502843,4.4995797579792605,23.516081598843144,0
1.0465882164071987,1.20679625970582,5.665192636483804,40.54341639791077,0
1.3237341136443226,1.8940383546052812,8.065848765924422,7.594923416879321,0
0.9490234420430607,3.010898321158645,7.7689271493487375,42.57557924880196,2
0.5606955442600219,3.167489709876387,0.17220629191736136,9.63770536122326,0
1.0121784314033537,2.2548117423352307,0.7597151199027942,29.422274503743466,1
0.9991869201897161,2.490118493031473,9.527610887088674,31.954010097046613,0
1.3293641605669269,4.984329248764651,3.093794781923862,37.05094576261398,0
1.4422006061250483,3.7025996816219497,8.626909775709002,43.996667132576164,1
1.4159898729868183,1.8745250998050345,1.9972642401006167,2.689324880418982,0
1.361583739092398,2.8515119838352847,8.37605583723066,35.11753448317744,0
0.9283605171618051,4.571809252519993,0.6313535542770198,17.12031509170949,2
0.7024066138148095,2.0211396184462536,1.504733133840424,31.619588966477608,0
0.6738386369973396,3.1234001735693115,7.944693692183605,12.445453590591292,0
1.2735892258831232,0.6249072687632622,8.605843707188948,42.48025985520691,2
1.4527732157487137,3.4188706228645325,4.886556169629348,33.753680296169,1
1.2584429751458832,2.6013254579824374,1.8897696021904216,18.524541596240073,1
1.2925269036762617,3.1837799636905366,7.021064470203101,43.43252293355417,0
1.4644943173309142,0.3628215919116915,1.1471880047843337,35.34670303425504,0
1.4356324396587568,0.574982484452043,6.5341314582484955,32.19542534136017,1
0.6177520742434165,2.310079585974695,6.176696896242976,37.22139866267913,0
1.3657303261766975,1.2512253417245358,4.608906010149148,29.248429106797953,0
1.4023944481037085,3.361701871373221,6.063733168840353,21.36095856882125,1
0.6057589537642286,1.1127998698235182,6.571236695512547,12.855743108186298,0
1.384130327682421,0.9972061661246638,5.575184154827747,4.739097216972908,0
1.2037503589753604,3.593839135387644,0.8758638435903467,18.33397599543081,1
1.2197854378048838,0.5177742016155146,0.6704550552914587,21.192993428042268,0
1.463401967788816,0.932360434891876,9.667266613440189,42.46099019423909,0
0.8791884629552946,0.6721206476297666,8.026147491240339,27.90334036260555,0
1.2471861009869505,1.938537053113844,3.737059494543438,2.2503527364627707,0
1.231658541882994,0.5596509598861102,7.473711085607621,1.054782334244602,2
1.2653976227126411,3.1539598851623096,0.00025717120585013744,37.88354998482928,0
1.0117727553076836,4.686332777967876,4.874974231492926,26.655073705099834,0
1.0259063121701364,1.5352268021061197,0.006298635262855634,25.34410643472031,0
1.365028019993849,0.2823083703807837,4.4947153917729095,16.056908063739733,1
0.7174402704377482,3.2361927294438457,7.220931704412902,32.31246572917553,0
1.1172380096787586,1.7351156780685137,5.286571567139193,37.4892162352823,1
1.0149630233392415,2.692754168964852,3.0863595719405965,40.3533858810594,1
0.9147592997638789,0.5097422999832457,7.655644571639667,19.97932540207211,0
1.3902997299254118,1.938414849548928,7.413076769385196,3.7475360660741277,2
0.5463364779317488,4.3095439134998665,7.944301724622255,39.057583930746574,1
0.8571206720396554,1.5641926508724957,5.82609897126105,30.734634399851146,2
1.2284822743300863,3.319482763003688,7.203300373765307,32.23714173203316,0
0.9526240014408589,3.724867918668546,8.077002477166952,42.46528240917268,0
1.2887629764039263,1.5050388955186764,3.977718672600831,10.33210340383735,0
0.9933710091548885,3.823103505672878,4.746907667849374,36.45393640594545,0
0.6487972842682362,2.6787675191415983,6.143290931570348,19.459055448907122,1
1.137190339253653,1.7330691689889468,4.765743640366798,42.22126388499422,0
0.8350690663332407,1.1997593007400977,1.0842234244435585,14.734213767051488,0
0.6600539681724618,1.3779195808127183,9.747525931917794,25.94749525415072,0
1.1137186197705757,1.4701613310872879,8.699793087294866,29.911012384863955,1
1.3454771518721382,1.888883163246851,8.048425006339635,1.8209824451153684,1
0.9348413287294843,4.087431106858569,8.88031281439472,28.97554807150896,0
0.8015433600126172,3.6736852796769606,2.443561055996084,31.205965119393753,0
1.4564507546574088,4.424498317100651,7.735232275855605,37.28404595555734,2
1.1905138043158507,0.842701870455525,2.6555349780245203,14.721513730566883,1
0.8811501695237018,3.1246946869515693,8.683209399156349,32.379714289081356,0
0.7994334002599752,1.7041124271077843,1.600195581504535,36.95495581251169,0
0.6407976135309253,4.4292579345688505,9.167494209900605,36.91204849476341,0
0.9640408777192662,1.6630893056349625,4.440548317397948,10.79120546771129,1
0.8355561124219759,4.0382326969521865,3.134903272872721,42.96480268264197,0
1.4955008877041918,4.804612787860224,8.971553047242894,32.75195098976978,0
0.9161863889684445,4.491881777545808,7.991846472036718,31.172649193388313,0
0.6683167578138053,4.619648641714967,6.999404562423555,36.52921535029673,0
0.7815009575040712,3.282657847380551,4.839354327950543,35.320081695574686,0
0.5049391914510494,2.070792297369606,3.1493497721337644,9.518720407091296,2
1.0594255925712468,1.7747814388740832,1.5054402797037048,27.24152720187068,0
1.3906752360413228,0.7834628294424648,9.504156193441988,36.73925143520829,1
1.092366854000303,0.9702100249671869,4.5556098487264345,30.192217600660168,1
0.584538786492473,0.8216095499751891,8.43468843332578,26.087907067574026,0
1.2750992614526413,1.7080491554233956,4.744546999358023,12.355923666229351,0
0.6696341334057171,2.7665143511621806,5.457375291120925,35.02167073676385,0
0.7738223167304908,4.093002048543485,4.577343920636298,2.4232521932198487,0
0.7021703352288025,1.3840734164176423,9.320710368480384,30.951267189006828,1
1.445042698792677,1.4610265204423387,1.983589976407766,34.674724806702905,0
1.0033499351266608,2.209699889391247,0.38681579689474205,41.708994692225595,1
1.235864534264184,0.1705120447731219,5.697090535213429,33.24087401985448,0
1.301024889685345,0.8746397976782478,2.812585074381325,23.591813865398137,0
1.0248424452906302,3.667823133644255,3.208472971620565,8.847273221151667,0
1.1611900879465447,1.7376072828154439,9.25392278248011,17.928509490146617,0
0.786470849339949,0.8341972675963478,8.920751239365904,4.2619430519314925,2
1.4770011040667437,4.294692862237727,0.7120526531222138,19.862129357026166,1
0.6647091399570026,3.3833628104190367,9.657903205446534,6.659682394179078,0
0.5653259148911673,1.4410314877591555,2.7262080021210804,6.869187879912749,0
0.8397918517414875,4.611318657602821,0.8197385637506921,8.821069725745721,0
1.4547811018307284,4.764375463183223,2.065184983083988,31.502953574404486,0
0.9799317197312111,1.1586693215058839,8.308243215152782,13.305713838478741,2
0.5699121755270621,4.33175414946477,8.628126915873532,30.60477837791085,0
1.1887879228465956,1.366988117116726,3.3450893290193577,35.64829569986098,0
1.4897195529797103,3.458724033078063,6.168839765239118,42.97055570855182,0
0.5049367178264919,1.4587253602711945,2.102274466327451,3.780028146920203,1
0.9764295568081649,4.211257477527989,1.6809169093806822,0.8254824290050483,0
1.2948123648638457,1.181408099359444,9.4224746435433,19.151772751650316,0
0.9506121511311294,0.23862257089281824,8.353550656925405,6.842069197601723,0
0.8410009202348426,0.8929416889772435,8.910561636545625,10.56750054006259,0
0.7055026869607247,2.352526182356088,8.644970952391288,43.455073186312184,1
0.6337683520358894,0.9665309756503523,8.566936684520895,44.91631349102302,0
0.5986505025942862,2.1535420845025426,4.634923223031677,44.33033199872379,0
1.2746808899846802,1.144546553256741,7.581034883784431,40.93535832675283,2
0.8127259631888183,1.6596379824678118,5.351027346166274,44.14822001722265,0
0.9548915670709134,4.766608648609488,0.5467657049800971,8.240525468284819,2
1.3466106007935625,0.5045209981260725,1.3264588658432142,1.3769936013911104,0
0.8978210600817871,2.4994630315808037,3.570801988095426,15.253332273896483,0
0.5743761600829742,4.332671233337641,3.1670151413767655,25.636233139998055,0
0.9179792726887063,1.9976992922500463,5.717741641386744,20.68693157242672,1
1.0720814577236857,4.910329368705407,3.424245843558528,44.57240323289066,0
0.5147440020265003,0.986934197178564,4.431659060022127,9.060552136624752,1
1.0811796847937067,0.31360652486652957,4.1110320834698655,9.305759896186878,0
0.6497411615927279,0.30537003001356666,3.8738710819854534,36.73419745008452,1
0.6101430842562484,3.174099045889198,4.841806886752617,18.864146007040492,0
1.2086236680950042,1.963923902098498,8.265795915695046,20.388784061300438,0
0.64746423547344,3.2297613875102034,5.321484129048867,30.476996149775196,1
0.5999559892147942,4.663907794167213,8.030747499696119,38.67074152292525,0
0.952745908641798,3.536373718758749,1.8827588819320007,44.994833874799774,0
0.9087384381986331,4.067974350903685,5.353055635928866,44.37584195276101,0
1.1532911326594761,1.3062353904777815,6.973564811580529,38.32928959891401,0
1.4497565326159727,1.5137944733391706,3.6874991482585378,7.0530412151208335,0
0.5937537565850024,2.351336070592906,7.935890813133963,6.57756277278554,0
1.438212453185979,0.22624335928408063,6.131153428485814,32.7321347479503,0
1.2385845921219507,2.3506940679396098,0.05999708773868413,25.36149915545972,0
0.7748687084795216,3.744742368078873,8.03384200984216,36.7314024074821,0
1.3939251194510973,1.9491186631711863,1.6675154884356567,7.758716171085925,0
0.5482490212819321,3.2581823347301273,8.376676576798607,42.14117403136451,1
1.4834520847703134,1.287616780850438,7.234912247960808,0.8945791106769291,0
1.2774488713401517,2.70213993054066,6.9512059942307,8.697192554518777,1
0.8297012948769729,2.6660412303357313,6.8235529072210745,22.032345518692026,0
1.184874319340747,2.3988967783670514,2.4119957348215024,43.277018960104584,0
1.4735644853172865,3.332823538464165,9.691531942074956,38.35997934352296,1
0.8455905423334035,4.401903471612438,5.738837942056998,31.031457912620144,2
0.9431996436019758,4.318632912262509,5.640561933317914,35.52741857965187,1
1.343197313006316,0.2897403104362167,7.880589987105429,14.386951441833185,0
0.9492601238016106,0.3688026111295606,1.1523648648796783,30.91989698970366,0
0.6218346363739852,0.644063914150952,8.432685399902324,38.52042276022398,0
1.1503055686146562,4.521705996839398,5.940290962747927,30.115880418269615,1
0.8467593777047843,0.4451562097447347,0.7777675674769318,38.156331171394854,1
1.442643167050913,2.9760227240752704,5.195877137107522,33.93087045409365,1
0.6067670606119937,3.217494920943293,8.693535830565143,16.103298168751287,0
0.9930393442067291,3.017888453087633,8.958138829401806,30.463932945145043,0
1.2399942719941959,3.694415761377488,6.220285755165696,22.04723596774656,0
1.3959430517047788,1.8160007462273904,5.141249252921205,40.4664972123302,0
1.2493437166990722,3.6178855831500765,4.946652897664204,6.782236662666285,0
1.4355191697163763,3.3889634006621296,1.6225535958896384,42.129651914797584,1
1.2483469017030284,0.8887206152783645,1.7805445824600334,19.552166317982614,2
0.8014833022150435,2.489791428028642,6.9024799335732565,20.52224601002195,2
1.3384028283355285,4.099577464753431,6.849032693907279,35.85315424941031,0
1.0405848016370243,2.4843860843450765,0.01618628058114544,15.01237843858259,2
1.2084990731326941,2.5839402924277204,3.424285512660737,6.082591026634669,0
0.79470207702412,4.84140864672853,7.094464326179048,37.69467658173544,2
1.4817595671289068,1.2855667723139579,1.3646039334824438,27.738862444378835,1
1.114037417657126,3.5862353531588953,7.317191030388755,42.40857496029465,1
1.35942557393842,3.2261335742023585,3.5966552475547386,39.21838936578314,1
1.4149168036382391,4.833367217911058,9.210788721950204,4.031227208520033,0
1.0295427442865406,2.8864011559507463,9.12310600561793,34.894896734865256,0
1.259467169803065,0.6234346041182558,1.909164296252961,13.495417508062422,0
1.4291436449484765,4.903312894200401,7.97139312815581,26.661057257010516,0
0.7566049904293243,1.285712871504568,3.320425439652568,17.048160942599612,0
0.8073121840262277,1.515860672358399,3.6285310969827473,36.82837998654727,0
1.3562593249198884,2.0359868350726296,8.385513128143218,40.007997810417,0
0.822659450932818,3.928985527871974,5.048424678228131,20.09352364940633,0
0.7346655124990453,0.13566332535008377,7.040292376612226,11.430934478149462,0
0.5513941631520418,4.234180633169855,3.132566516788893,16.25593834964621,0
0.8909237746279917,4.81951984955451,7.64498906429678,11.071144982674047,1
1.3773199078329719,3.7483030848792307,7.160571626584269,31.434927409002423,2
0.7669508015923265,0.1644500903772053,9.374041496007843,11.364795764509365,2
1.4908569423371052,4.7851299748299025,1.8489217064541081,40.33388994920987,1
0.5281095138360261,0.1393513940912997,2.366475896432499,9.796783663169943,0
0.7344585742644003,3.41120470289208,9.743922103672274,1.9779037638028873,1
1.0753308350013757,0.10506331010032238,6.231756193187085,39.18525494026136,0
1.2958399896540658,1.589045607388899,1.3222395013249708,16.649475637393248,1
1.0401678943720993,3.7739229890095656,7.212385927742242,9.905102273935492,1
0.5600531838855651,4.7096150308007365,1.6457738248529978,28.180218312199848,0
0.8993099241517037,0.2278658643081478,4.962473932415189,39.193393443986245,0
1.3610332031961891,4.146998196138374,9.32440396131308,17.425715167051806,0
0.5889420222521065,2.415436979751712,5.039948562322979,7.3696160969706,2
1.015145144237748,2.959825519372022,5.885741337064383,31.404765116966107,0
1.1455705772181237,2.099946369558597,4.196567647621746,23.457833498854693,1
1.4958819411421302,1.7463827259853368,7.938527211712645,26.93486094916964,0
0.7166606642904177,0.9966430006610508,1.8829724628332591,24.82192068011049,0
1.443766324444959,1.869853694163827,5.054945232995622,12.035782780411902,0
0.9599132709127849,4.451811624720193,3.446353147390582,40.224062085425764,0
0.5569168595305785,0.5254884617419557,8.360267633078466,29.48706810103559,2
1.352690748597726,4.825761984713116,4.4737821779675295,25.24201831498096,0
0.5896559443347197,0.8149963212773792,2.2334551684468895,15.254604729658611,0
0.596846815614596,0.33384017871214294,8.750809068159274,18.422160662578662,0
0.5035522962300909,2.7714165046434873,5.32201675105863,24.883369196774712,0
0.8963993448143333,4.997318663849247,8.218516862225826,19.61903348964204,0
0.7056785274251062,3.990262307917891,3.75288070708268,28.19199217491064,0
0.6622681275730502,2.1543071326387557,9.391051488930737,39.57320374449782,0
1.359317305917393,3.995866471093392,6.72505191785907,36.64980419905576,1
0.9809027209806028,4.186541494197996,9.3599795511737,10.66723638121919,2
0.9499929013461621,1.2604369042699006,2.6716562410312794,17.076037500176152,0
1.303187438896464,0.3295076696552695,5.8825976731735565,43.44939372337682,1
0.9262317488641195,4.547521812447788,1.7329781852443342,13.252928736917408,1
0.6337479275983543,1.1457758956494413,0.5019978310984495,8.196101482566377,0
0.6022793484109816,2.5066603931203666,1.44169839136117,19.60159877154435,1
0.8329514030820337,1.1938994197303583,7.2259870828804935,40.82110087045195,0
0.8235249640518049,3.738837288018198,3.5324593867861545,38.90779190993189,1
1.1026857764795859,3.1276823790631556,6.299753733688828,2.832867676823364,1
1.3261294049948793,4.3268131763122835,5.366526459456926,16.327435705600696,0
0.8233969458168356,0.7621010511859757,9.196363241534213,23.50968292097621,0
1.217148412571247,2.433622824949807,3.84660187598528,20.451816060548737,2
0.8848538064250979,4.061804908565893,4.3781445630260745,2.898507368360549,0
0.6401367241040824,3.567242170022061,0.06359220030116827,12.552911444005202,1
0.5723429600212108,1.4421842774264062,2.852987735042762,20.604242648495944,1
0.74076926000342,1.4798466374640318,7.285500541031919,1.2921236498876707,0
1.1946648452064235,2.0384895182069593,6.993237461004338,25.285910538768235,0
1.3624582423100493,0.24506239537009203,1.6433903911595178,33.23314354926235,0
0.5427451937406654,0.8398302900899736,9.747363569649293,9.11502573956016,0
0.7191536842824543,1.8424977865998646,4.409927492693351,21.682578651118202,0
1.4551258282799484,3.7223875298603315,2.5406096491120778,19.41687584080416,1
1.1585750641129802,3.215586492152224,7.137544989678085,14.888193568219366,0
0.8659512643564414,4.977644091319169,5.886361882408433,32.005512933629284,2
1.0894981129245938,1.7863257025216257,4.401919061205118,34.3240136509215,0
0.7467237999575446,4.258089525895842,7.898172250352376,11.638179685731513,0
0.7063660974844603,1.7683349959096206,6.090944495033104,44.55532364019863,0
0.48989411852873765,1.324364825362639,9.50082030021054,21.43652880870455,0
1.2900463951671695,2.4950801905127014,8.159690853379363,43.30640640023803,0
1.0227108350419394,2.4951747380716247,5.456336860315741,3.949371416829499,0
1.3687832842987473,1.5793997174266372,6.341980953925799,37.688716117269806,0
1.2492311062679375,4.394036193503603,5.209152510992927,26.159954583944277,1
0.5542055329807671,4.713441514377375,4.4266844477292,42.963133077631646,2
1.0011173914900242,2.772070725828446,6.4726292591983245,29.175083332122135,1
0.8159927843548817,3.3255129202578395,2.281812048629891,30.932188247994404,0
1.416350836227239,3.478804759354008,2.73242450500309,28.8746491951783,0
1.5428808908759712,1.4869776778464125,2.151246518940079,7.4629264008979455,0
0.7440677741887806,3.434991502738956,5.718595147751827,27.466303659545282,0
0.7593006098349063,2.048345922479977,8.841031219393233,18.254859022763895,2
0.5990135684161199,2.1280662691730035,9.473687085216886,32.5612937274891,0
1.4576184156238035,4.342665083736754,1.7819354031990051,15.384400783839839,0
0.9729162515062503,2.841639250987677,2.2531789964900524,33.795774019966395,0
0.7315389288061197,4.740877204144585,4.650847170319847,43.20133662231505,1
0.8239627922936394,3.646814072835543,5.83971521050833,5.325858971292414,0
0.8738346565210559,2.7435981019880247,4.8006524586432695,24.080549829659265,1
1.4573556509459056,3.48903792640718,2.998485267602237,29.25117769682739,0
1.3922036528969743,1.6516817827780554,7.00911766660495,18.534047030845155,0
1.0094140164798544,2.350609495349029,1.7575292283906014,36.36943575475719,1
1.3358710244965122,2.280373369903334,0.9096437936566308,39.69676725726707,2
0.8610341866785708,4.21704708030542,1.9599249595217962,24.196600857561055,0
1.164358412463666,1.7168709432383749,8.721655993323846,20.282444099863636,0
1.2681908206267716,2.7569376098374234,1.9997961781387663,33.08521312481424,0
0.728511514098739,2.189441495957312,4.478629536682737,5.452607843271298,0
1.0833182960145509,4.700674004023436,2.410075728508165,27.134554347400513,0
0.8138853503941256,4.364139039470875,8.998348724755878,11.242464797584432,1
1.2259925632142692,4.610980621264235,7.8783975359500245,42.968542189638335,1
1.3587398808336502,2.2074670050136707,3.6897963959806424,26.38147734905565,0
0.5520643757067911,2.0188311392902736,7.925703175578769,39.81664575080756,1
1.3438083216620944,1.5224977317327142,9.564057341649017,12.96691757361572,1
1.136321170105596,1.2599626120480505,5.795172005252269,23.288897946661656,1
1.4447257387224282,2.2879981631608333,2.183004775582269,9.948059066891517,1
0.9182423977036274,0.9155806112739447,3.4180397148219708,35.12914981808401,0
0.9367187862804613,4.942700937597623,5.124090692457172,21.424076312541867,0
1.0158773507929024,0.9783380515148212,5.7070052123655595,6.397771206621171,1
1.2869107630216576,3.8362416695014394,8.019315974556944,7.898856027824709,0
0.9902192924836141,4.211199860584301,4.6004923745028865,34.98871394830992,1
0.739142089029234,4.724881954331224,0.42776348290206756,4.0007908591011,1
1.3570964232421159,1.5865594508229521,0.640268039407475,21.49807666700704,0
0.6911886687775796,4.459521338622122,8.984615411027455,11.794740914662261,0
0.596796893425631,1.5674878987977274,6.202775290018749,41.56135137757888,1
0.9069301280166965,2.734950441398224,7.9058496751353236,10.50622134297194,0
1.0273497970362435,2.9377485936224192,6.753346249991101,7.693689360863657,0
1.3713975463870633,2.6260042431334187,8.897238064032292,20.203514972154114,0
0.598710212026162,0.8886749046891681,0.19163255962505152,30.14426210065204,1
0.723294488136692,4.907818547489071,4.389534340567255,31.073162921097715,0
1.5736011412926432,0.8391269678493859,1.3482488960159869,28.95978360968742,1
1.285806190955371,0.30277185139301943,4.847554801639395,14.409437966291462,0
0.9674120031549207,0.16454359619686665,8.889871693074689,1.1618687738716775,1
1.2217906921518487,3.7840139151852314,3.9132046004237595,29.59979192241751,0
0.6592826551652363,0.40097332656519147,1.094895447530915,40.54640491368377,1
0.5796334630943347,1.0939750685390666,2.2086394360214063,14.249428863058714,0
0.8893396497564201,2.654151618177032,4.983760643910004,6.7570039255929535,1
1.3937815390738093,1.1918921328635383,6.3521142276194436,13.55617703546032,0
0.7851285811250082,4.165199767853166,0.009331886985856457,24.999014936664246,1
0.6625627630208422,2.410246511396866,3.8102198933297484,34.56205704714457,0
1.106360717703371,4.508624932190799,6.343672696889309,30.60357779482571,0
1.4959777523949687,4.3710632059184364,6.320074736072488,25.36419971726107,1
0.7235440582636703,2.339674923258097,6.043502307908832,39.46853453852507,0
0.9558136142462579,1.1018884832175715,0.18530647674794823,34.49530662205334,0
1.2441889378454596,1.886814588816524,8.171372985591663,9.004257538484493,2
0.7963993493288238,4.411751009444852,7.297354748765692,33.00813497902414,0
0.803621619804445,4.109589895144919,2.3328925026591256,11.737417048753304,0
1.1572663290734226,1.2516090783916716,4.4270617337127565,44.347194724818735,0
0.9650288409162324,2.4978246397600112,9.200398195819016,12.790110123032612,0
1.3630054299341559,3.6674309656232644,6.046878739335045,3.1449136484950566,2
0.6423416258305724,1.7060006922360644,7.415347640516453,28.64357054737028,0
0.8607151886306776,3.558905162367145,7.06894178663526,28.162045769808806,1
0.544705553587926,0.558572401760163,5.467114653973741,34.27575642256236,0
0.6784189087929257,2.707548112460551,5.095188607116569,36.406418343961114,1
0.9223312549363004,2.0281013675009305,9.169036706765931,43.78999817858883,1
0.8486727554851651,0.4149413474597227,4.8929845110301144,34.34480416918871,1
0.8671338759939187,4.16938660514156,1.2537152790777522,38.44102372065527,1
0.5666679384571643,1.5023445600625376,6.060312383929047,42.26205379090424,1
1.1076584013848576,1.0555834719191481,3.415271897928546,11.574529297801229,0
1.415272083265694,2.9556933593834525,0.42563575174865254,8.468966669921285,1
0.8102267554339374,4.422812741521194,3.353831255523663,24.697289548923937,0
0.7495242556648062,4.145339765667797,9.485829965463768,16.387689745244415,1
1.212523659639144,0.7781716920073625,6.999629742290179,1.8556697316869255,0
1.2747555552188177,2.0733005120581294,4.456049401711979,36.79364940622827,1
1.3948408692119263,4.813803659996109,8.770552325133982,10.085511117184852,0
0.850555605584065,1.0778046976880518,4.155333420335921,20.295233645214466,0
0.883892014400132,2.826585271949385,7.032773202847301,34.80042315792535,0
0.9946521083222652,0.09255938588026782,9.208712296658307,26.102584458680482,0
0.7284536269681287,0.6289399415721624,0.3530256688095474,44.14569986817465,0
0.7450600688539116,1.346264012124566,8.509196878945636,37.680735902176565,0
0.8749808738098713,1.296145029866056,2.835655270357259,37.601795953677765,0
0.7287763409543057,2.7657014516677045,4.953032530947605,35.88753520131949,0
0.6251594562614851,1.0932534631703819,5.998726424497392,33.59955105954424,0
1.228712009809634,3.1938464691541193,3.929220623946501,26.2792741617672,2
1.2760860595934147,4.477092891358121,4.422981518713038,34.86388556018892,0
1.5205059848916984,4.1757641663667915,2.79372583722454,27.31526040543352,0
0.8143661146726198,3.635323697858704,7.693266950491763,19.360150130940493,0
1.2018947282126333,0.6302396498681869,1.974488266674922,23.638495178082213,0
0.6185012157510708,1.2394751285165129,5.466701945426801,24.511504197296194,0
0.9798137216042652,1.7354825507144067,4.235765564781895,44.339820952607745,0
0.6160647364057915,3.3296671275969563,5.664335175237501,21.918422806679164,0
0.7610937416439787,1.5580601348105703,5.309949937353909,34.6391338389717,0
0.6257707827679528,0.23914471610932309,3.592193135780863,26.79839987504923,0
1.026547324761975,3.842923275016954,5.679429267398021,21.254949367789656,1
0.9840679607053197,4.475899922392691,3.103631495285343,39.714663997077785,0
0.9773161615394814,3.5113836098354607,3.390031497401591,29.72046659887242,0
0.7120538455315317,1.788012683623028,4.998314277086947,37.891989458317234,1
1.3673853571322452,3.3353309771492996,4.137693227085578,41.13312131048857,0
0.7617869305758154,3.59902035380067,7.905997586500626,31.431950772674334,0
1.2507030121499754,0.9381608407541915,6.7727222975275,9.035531028188352,0
1.4203557149464217,4.221968466864173,0.8116327018734655,38.39716430202746,0
0.8724303599819478,3.7874870138575742,0.2462710164500229,4.332386372096598,1
1.1636138407879968,2.6530906436397825,4.671258190599107,5.560451207138878,1
1.1692196868861089,0.7763383540011043,3.8228678600662285,19.479674330897517,0
0.8544232678283855,4.123389684277975,1.7247113047773432,2.2704512289470125,2
0.964075931533311,1.925487016971375,1.9905198796551926,2.0935331205036003,1
0.4598783857114568,1.0329979518436558,0.8420441948877615,44.772890188375925,1
0.7217031593677735,4.999697092575273,0.08292047852193993,31.73161208373518,1
1.1339401196367709,3.1074659966155855,6.193378680366534,35.08588399065673,0
0.752130589231572,3.988481035751544,1.653706450987438,39.08814874738742,0
0.7647574278969159,0.7207497925135795,9.642179183261236,1.689985517046289,0
0.8887916731411074,3.2058589967438804,3.3796236035875817,19.11328372323465,0
1.039927355837469,3.6427920626712935,1.7791778114724595,38.477923261803085,0
0.9576729493604094,1.4783500716402342,2.2028476942812394,33.948201492880884,0
0.6048547018319267,0.9236543187910218,6.408552380168889,5.441885297263051,2
0.9561482324562082,3.8054388101682886,4.234290954952437,42.23528893025099,1
0.6890089692546904,1.4380178879720924,0.2094238915900465,37.58939882600349,0
0.969999337090762,3.0628666206593542,0.8211727467892508,17.889882219804335,1
1.4310513928681834,4.0202600957980685,3.205707480950373,42.02946320491298,0
1.0313246186374057,0.6101151743777072,1.3134217006850393,36.263286384031765,0
1.4696389763218582,2.8092437378044313,0.24225143835793678,6.419530700441613,0
0.9147914438764866,3.796582233293723,8.81875995077341,16.985298117075327,1
0.6731516261748716,0.8225797326020073,6.249278883550666,17.520053770873282,1
1.3205766854454597,0.4113239033305711,3.756512475269629,42.074718858863186,0
0.6704132259812051,1.7891951974728761,9.663755332720413,20.9464800618772,1
0.9161753786033032,4.137418829233718,9.673266690105587,22.91271019361326,0
0.8109597193650966,1.1722091422317211,6.958369941601873,7.316886378166025,1
1.4771702122130037,1.4026369649170973,5.171597753583092,11.941833992095816,1
1.3138081083635604,0.3590268239392041,5.938869467019384,12.599889104443491,1
1.1378893470085416,1.3855377646033005,5.91851539185777,37.81190875956331,1
1.2599760042862223,2.778458144216366,2.5043725304234403,17.917591565351536,1
0.6700539351253185,4.124087109462507,5.470827036023982,16.6223349583802,0
0.9169795592588078,0.968198392531928,1.1641743735510233,25.10379589518915,0
1.410216466954638,1.481100905176727,0.7345003563070618,11.600923227671068,0
0.7568850696339544,1.4428047112972706,2.8606919265956416,1.9616040562395582,0
1.0940601442527769,2.853868478478796,2.6346090289652975,24.56770964546045,0
0.7498350158873388,2.749307180082991,7.742880188264641,16.96952026919273,1
1.077030518353341,1.9549848027985042,0.5919599596896119,20.91606032664476,0
0.9049968438193297,4.45728648293899,0.4615265355026261,29.793562964708826,0
0.6089466765006715,3.90324388749279,4.149272208773346,39.10875237445198,0
1.2800841995889942,2.6460671120397805,6.917646430763693,14.668681027090571,0
0.6953636845840268,3.034810861817851,9.499987580461955,39.529747431607014,0
1.0695945705392784,1.607501731363951,2.9435994272587966,28.5470221443957,0
1.1182880546035767,4.908681087926082,0.40995854233441364,42.270144211989525,0
1.3329203673185455,1.627221798867744,8.000058354583832,25.073214652259797,0
0.9267919415160962,3.2265897647218584,6.160231047684707,34.04582938198837,0
1.2643017460452066,4.105076236213185,8.166447668084107,1.6943598108127096,0
0.9148864356034373,4.961148045332778,0.5272188744996957,2.6462199390466172,1
0.8604091675256917,3.6865354423902397,2.0645409813607043,3.8690207958130816,0
0.9143706913682297,0.445465934417632,8.890523478381512,39.14348614149719,0
1.362717773849028,1.0707073726273897,8.283439276416315,7.658838477910531,0
1.199271579060741,3.1348562631394077,4.376971473902916,8.770121206023516,1
1.2504831916540697,0.9149759971063378,8.48963680394251,2.8486140445364656,0
1.2128713746107838,2.739152092483403,7.1855181277243965,38.96692649698028,0
1.250090473454926,3.648704852663205,7.956154061548773,3.9433903774518173,0
1.109519386971302,3.7395181896141936,2.3400285786829476,30.51701621539034,0
0.9255882933837178,2.4103698211964866,2.683386437118494,16.056991747316808,0
0.7035036244315146,0.5211223830735827,7.589084258444483,13.028191472883476,0
1.400530358001535,2.065633748731749,8.326367474061907,36.916016521263074,0
1.0516495719830719,1.314500643224467,7.700570414700116,16.172666848994897,0
0.6361671462531746,4.188766189188822,1.9351287086019753,1.3528679328517197,0
1.4136413550007858,4.742209649693873,9.101046674319088,9.170182667824484,1
1.281231376889476,4.587948192152742,9.567671001919093,19.044085685764422,0
1.1312690443426157,2.3772871806758524,0.5262555558721885,4.865729446677167,0
0.8880666273090009,1.6382822088605273,8.688194957883578,4.721193966006683,1
0.9562442415919616,4.174502312245838,7.3888904577736545,9.459334777265024,0
1.0903152461660062,2.3429584962480856,1.8847499478760876,24.31114675080151,0
1.0001718682905092,3.7775279819789374,2.056780259006981,31.93638083552828,0
0.8749663968683542,1.6929147943131184,2.3638294909966553,29.684297606421605,0
0.9578722748654215,4.616801939770615,0.3543071001241028,0.22128683261470197,0
0.8441611680464803,4.629102868947264,3.134621529346653,20.173005419717327,0
1.4850427490134281,1.0911495786378624,8.023788043732841,19.646173029716074,0
0.993531518204153,2.7784295344353067,2.110542711735292,10.129805321907778,0
1.298286935337872,3.5881479455388248,2.2245927630550035,26.801470750983327,1
1.006345911723038,1.394647277695937,7.006747808476418,11.669765565282505,0
1.3540155506903346,0.8971826341421706,7.185599775257964,44.54206648887588,0
0.7778510962410895,1.1717738225830236,3.968804969747529,31.210787011567803,1
0.8280359098500476,4.290153920928663,8.142983207169454,41.270674898517996,0
0.5659064085681726,1.6586978086022097,3.624917137687001,2.6678358855512396,1
1.0167141869409426,2.592121669214039,2.1407981419840874,17.062086814784525,0
1.1918688041744236,0.2754781818909312,2.3267378804380643,3.7352152347981717,0
0.8039950919762482,1.3082692352098324,2.5270325399540967,28.498702445876948,0
0.8145230263252602,2.6091998010592934,1.7253748062819498,6.703870536528315,0
0.6625985741779067,1.8530198029676472,1.0888362849227127,12.861689354354247,0
0.6211067496482687,4.389152532316852,1.3879728298618879,22.86488414822624,1
1.4601841315629003,2.700098916311372,2.2345264425370344,42.6947419382958,1
1.0904083276772785,3.8063894664526003,7.557086978710224,42.34290157302925,2
1.2865175854114759,3.0286617100643345,1.330888539914682,21.831243354500167,0
0.5294609809768575,4.9135918270038275,4.375465115285706,17.491728543611966,0
0.5389323916210988,2.3956296831525328,1.4492683540392015,15.155540708047528,0
1.0853043391597348,1.3278800876487324,4.094406764570939,43.16531135519519,0
1.0025142687032973,0.6095423545107749,1.5391354277250822,33.524334820148376,0
0.9159992638523301,4.779254930247563,3.0507412280960597,25.10333290651905,0
0.9433237444237996,0.3958130689797736,0.9499117352123025,4.2546142727130665,1
0.5369781134527108,1.9593030641456393,7.577354643560381,6.708870414551345,1
1.2689596517521788,0.376843510644494,0.4850440760378705,38.40040789798441,1
0.9560314154220593,2.571725274259045,8.842803753211806,43.3342069040446,0
1.3034931737700004,0.5712407589324319,7.44320399787419,36.4036799578653,0
1.3605573362695038,0.9462020310026927,5.243060181856343,19.367924927560278,1
0.5702245351977953,3.7260851780230904,2.421160054912193,10.837848659539958,0
1.2936878700990617,0.4860391585379039,0.876094128204021,6.099090435006393,0
1.3984480379446096,3.2153709501931305,7.971565874029802,6.713793912724613,0
1.4366011984419405,4.604544746368192,5.67805465215227,16.535987005023504,0
1.4185352187536127,4.177543120296543,4.287645178509437,33.508591807339634,2
0.6651858444543811,2.765569912909769,4.824029060952865,32.3207262695053,1
0.5704495927472344,0.18238789840825895,4.0141401105534396,20.01922473053052,1
0.5476972694995035,4.7156993216136405,4.497215030994946,16.872928528853965,0
0.9879171695803871,1.050002569163896,1.8589017443831406,17.73071594056434,0
1.301101056205674,3.995126829435372,6.61192831092732,36.191307318313385,0
1.1162870779204366,1.6224868088744453,2.609808519842884,6.389380913554773,1
1.2943327303765573,2.2774648184247943,3.1342364266404283,6.121958684230145,1
0.7429995703362373,2.1225503975691358,4.78182658413263,4.689678893079533,0
1.3884298411185492,4.071081298937842,9.699940872906696,41.12255042344502,0
1.3416715136360569,1.6254942061274869,4.4292833255428405,2.7980479675491265,1
0.5357944671219109,0.8893640539246501,1.6383660126792776,30.715612519781995,0
1.3014271852473211,-0.01181229415860327,6.434280046788454,21.664971926291017,0
1.3246830302545753,0.36703789705407375,2.0328457330935064,5.641029074922819,0
1.1209015603576136,3.053719536401325,8.679906759580318,19.82724942905496,0
1.2338833363943824,4.6453908997714946,7.164957318040683,13.033282369236899,0
0.675053535979686,1.8107452579996488,0.6484816650762179,20.420892497208044,0
1.3577474572301993,1.9631499478840264,2.786894450051221,40.30313502071103,2
1.3021759284613943,1.9238760886330004,2.877853545185629,8.7697178296132,0
1.4329068628612915,3.692742751082375,8.547018982281882,13.16233971042289,0
0.5911898044449452,4.310729471165473,8.066131315008121,37.05602443144843,1
1.2758911349989404,1.2026899122029149,8.47874901645817,27.595318612738712,0
0.4922410071973133,1.7477024412695155,9.775822213914275,7.831390311775713,0
0.7598371805607668,1.2688509074180285,5.465248508659809,41.82234176667004,1
0.49148728002154585,3.6580835819295396,0.5923162590444586,21.937820197092584,1
0.5470678853957092,1.5690078670878949,5.212069561433515,42.547562896239555,0
0.9997920826244566,1.752134117998808,4.997379637021662,0.8078838383452336,0
0.5819235384863535,4.903665126381311,4.784514401132412,18.837991805949166,0
1.3540503103811776,3.0172893270998458,0.17339350929225006,19.457980234688137,2
0.7573833340744986,2.477032770549071,1.399004385461266,14.10225120794405,1
0.9778156621168957,1.3391854602042754,1.9713714094343908,11.888294645125555,1
1.2608185377514887,1.8791917867547967,8.529377244261129,9.392505111400052,0
0.8327829692009612,1.014711025455335,1.2456428272022402,27.03026268957514,0
1.036942096144447,1.0756351116935239,4.253208873464181,42.35390181809772,0
0.5662204921475957,4.480810214763225,5.828002778872629,33.309048500688874,0
0.8144954492610409,4.654931073517835,2.3505285640878593,12.245908489150196,0
0.919676523888421,4.518246680106662,2.69724559361764,25.632349561912278,0
1.2621625857528518,2.1107867100907476,7.289777286972593,31.09015510902826,0
0.6055482837322077,2.970797564017042,7.828979742871694,22.55017552383273,1
0.6782855099932048,2.9998090964233577,6.8950479665449915,26.582974560791786,0
1.1877334359178,2.6052219835941144,9.259057177766891,26.26020818000988,1
1.3015644259476717,1.688142120857344,2.7387083558710197,31.467311224193708,0
0.9669768534493344,1.7629157994977886,9.754625131587522,19.49451401493793,0
0.8998025493051164,4.79927609833661,0.6619351004674698,32.636497907110375,0
1.0572585562691204,4.093842672602828,2.6791128587311372,39.65549753945035,2
1.2516001973213275,2.978843477747767,5.026280708983873,12.785679352799754,0
0.6200611149206355,0.6214102201915652,3.3857497736790263,13.75416790263841,0
0.862736534067382,2.2942397902799048,1.3765691069815438,16.98328835379244,0
1.2102182707176332,2.271397353983363,7.629223207219,9.16803448228435,1
0.778598118649722,2.5272838385754057,2.6390697646750434,43.44193073231017,0
0.9988907631556936,1.8424363871234106,6.238606253583083,22.10462065348259,2
0.9278608889344321,4.158302976156582,6.926602074270644,13.757318774481197,0
0.5054907799260803,2.6146986607588025,1.2219754283659328,26.905345967506324,0
1.2821816752496875,4.5662459554420245,0.5027200548568888,34.86376943108368,0
0.5483093555592283,4.814991161383681,9.595445073615785,14.691188082470713,1
1.1480329353777659,2.103043360466796,7.75193166796814,7.937032394534495,0
0.5980618981601511,1.3026672057156186,3.6700977941305513,42.85905821939485,0
0.776527091112493,3.9960760747464636,7.111739014732181,44.69152717346448,0
0.5481831498844467,4.2682217463990275,7.439822446496764,12.50881128531617,1
1.422780612161409,0.7789872747239799,7.7139784154053315,21.707030622226213,1
0.8287037333661196,2.7112464089044495,8.005611324370628,1.1264717412323169,2
1.409398821945008,0.19705836996556286,4.530094887226093,36.64270171124517,0
0.9291729327248099,1.3574966979943146,3.3859791420955125,1.7981808050967463,1
1.3873531283472098,4.334416055429481,3.722180727028332,34.53755574349146,1
0.7075529516204246,3.057722676547964,4.4230159459493095,12.461344482028567,0
0.5477424319785947,2.4512722322138547,3.0903944092245474,42.06156800409055,0
0.6005742531874007,2.089566617486651,1.9561457000886995,11.148785218049184,0
1.0324785872304187,0.3821933974934566,7.480252440467698,44.916016400482064,0
1.4246680544258292,2.5115409984659105,8.638562443838817,6.305939602013909,1
0.5824048646501637,4.631685954090621,8.555165198106565,40.33747365928991,0
1.191483123849854,3.249391365264832,2.9560647939118274,7.204042258444549,1
0.6326155134142624,1.9893859267274738,1.2261057800839499,37.01853426381686,2
1.099535640201815,3.4546480007745384,4.613345181538546,13.203780881177423,0
1.2763352589227095,2.976085785505282,2.186116033349096,19.92184712535896,0
1.1326356921701133,2.0365662334969143,4.5204955149420325,23.566060887169684,0
0.9703617514293894,1.2349154143402945,5.7610854896051364,40.48182784716491,0
1.3759582641123995,1.9303406066938713,8.032004869373822,7.593857033582723,0
1.080931692882938,3.035538997251333,7.871855729380058,42.56581700425554,2
0.5895030095566182,3.1524665337294953,0.19456947703659697,9.59682052233478,0
0.9357585195163418,2.228590502807859,0.8540641544261833,29.318487916406465,1
1.0084688576656629,2.4842062772505806,9.534828358602367,31.906808606234826,0
1.3856726781842836,4.981419925780586,3.2040047832849803,36.99435221926148,0
1.4826265001775838,3.7045402189912173,8.606665059327204,43.92478135420201,1
1.5238808850631511,1.8369118869583614,2.025700479165678,2.659033684325553,0
1.419613058202316,2.803104305103697,8.459254425382703,35.0683964091915,0
0.9388742858406656,4.5773678975216665,0.6145259468940011,17.074272119385377,2
0.6871004369774535,2.0329170181321032,1.4522062824034296,31.57947877137862,0
0.61436130479429,3.124450375351713,8.050717520500944,12.452207744654062,0
1.2219998460510284,0.6233411912532543,8.641304814571342,42.499722717011565,2
1.4882584212202958,3.3394011647172492,4.917965151323064,33.78115684793571,1
1.2125903097349326,2.714132847543721,1.8003635336293538,18.598692677909483,1
1.2718355744776957,3.171512720470155,7.041047697199289,43.34563464140911,0
1.6029450881676948,0.37424155310170665,1.0778439925598242,35.33163104897186,0
1.4325903010328946,0.5826741572742389,6.4925450524436235,32.2536897124004,1
0.6796465548455055,2.4097188676637282,6.1942968907374745,37.28094700736523,0
1.4532279060166517,1.1604038923454125,4.722301414752465,29.28693090834428,0
1.36856186708829,3.352660764273199,6.040684323286713,21.29936895747252,1
0.6738911162281314,1.2146427883378752,6.469060315158879,12.94579696854372,0
1.3822785361364174,1.026193319852547,5.522452064298861,4.73522593726406,0
1.2744763399189787,3.5293784384883415,0.9084220305392674,18.3862491775299,1
1.1954308845485373,0.46257492009845735,0.6611084473416529,21.281298117908246,0
1.499932907440054,0.9915544367336261,9.565043933272804,42.44014626450461,0
0.8687539620757884,0.6120678657794065,7.999933644369651,27.91401144484728,0
1.2070051011470297,1.9184324283144516,3.78232036199655,2.219667896610381,0
1.2805621128937512,0.5459270523104308,7.434257963536706,1.123328010479915,2
1.2720435929665526,3.016501507272522,-0.10400494595831414,37.842898601237806,0
0.9882571897578802,4.6994913418205595,4.880771488070546,26.606822981436405,0
1.0216321530589887,1.515703483249504,-0.0227242984393104,25.31348316863819,0
1.5114991471779666,0.2200129307520234,4.4427424024015485,16.04462583307132,1
0.7883249034235555,3.229199753208805,7.2313996328866805,32.41340936318688,0
1.1327409735866132,1.6834707613649122,5.352120389465395,37.490189514619345,1
0.9978034457337664,2.6393208546005447,3.0892172199988766,40.30620587881255,1
0.9105187347325497,0.49452773567688224,7.710685800162412,19.90721843086616,0
1.3457517126422984,1.9681801097389375,7.383933544878413,3.7048049981624467,2
0.5494166140235567,4.289672727631651,7.870895415935028,38.94374479615262,1
0.9279200216652117,1.5951172082684937,5.903039697157555,30.653616496810866,2
1.33346662095759,3.3127286309824036,7.11050899872574,32.27347667363763,0
0.9163375790490461,3.798507540610824,8.018058834398612,42.5144852439096,0
1.2082370047975393,1.4905513568674738,4.016695512498156,10.397202613730302,0
0.8774251402849758,3.8413215340119327,4.794011925855668,36.424834184160716,0
0.6227120546433833,2.558520667286962,6.154012962691821,19.449473929685922,1
1.10329430958956,1.7070026080542529,4.717696203540885,42.237628324403005,0
0.8374633398150514,1.218923449769547,1.0883177526295493,14.771093457923715,0
0.7282043724797379,1.3273016414443415,9.697997300865698,25.92978667348574,0
1.0768288433273911,1.536826448331772,8.707164447251154,29.872792883230183,1
1.3499512942033527,1.8828378033943096,8.061483788062988,1.8174169850608148,1
0.9366280406845688,4.134499582105965,8.838533786655674,28.960094666884032,0
0.8386908126651871,3.7004621877371973,2.384540759369284,31.15937589294934,0
1.389130322809295,4.408569403505551,7.77835931557646,37.311246901950454,2
1.1832059541152613,0.7596355643297209,2.710616302202169,14.698766183138705,1
0.8644693512345736,3.105813060374922,8.608675696494885,32.45483439775784,0
0.884572221702428,1.6946669189230334,1.5217731369598595,37.00758990508163,0
0.6716325133691214,4.42046981766068,9.298061861473998,36.959141251900405,0
0.9169842616942611,1.5781857601228508,4.4193521303263115,10.894877804973154,1
0.8172229607416696,4.0341471037609695,3.0768211030995576,42.94019972702222,0
1.4905345821634668,4.813409190841743,8.963235321513956,32.74229645509115,0
0.878945759666188,4.527869186823164,8.047625450917689,31.241030701375536,0
0.6133266594507131,4.5463910569669865,6.997176573936033,36.57579873211088,0
0.7810207372166552,3.254889229245182,4.867838375203942,35.44713860585173,0
0.4401777938471813,2.1376915737996827,3.128793224632537,9.484576278775835,2
1.1003219893620038,1.7619606948619035,1.4411224966452902,27.2403493780538,0
1.397549240014938,0.7814647656495345,9.508451864790084,36.719428444966994,1
1.1384754493857698,0.9835347243136342,4.472743608019119,30.103678584190103,1
0.66262617365801,0.863191074390995,8.44782886799094,26.062749821974368,0
1.2945648836312011,1.757811833180252,4.7542477724668215,12.388634174672077,0
0.7648726802172454,2.7050330923498933,5.445854681245194,35.074875563116876,0
0.7284868303805883,4.084178543899465,4.48913531089551,2.523077529656228,0
0.681050387648886,1.3784831349424655,9.291367931554968,30.958123573147674,1
1.4521869843398898,1.3698293656628149,1.8979645607092444,34.72751705331086,0
1.053885586943635,2.244815302123447,0.30403869185254145,41.76269894054303,1
1.1653840137601166,0.14995326183049343,5.655158399541506,33.3884631068956,0
1.305041708337296,0.8718346836454746,2.828650979490976,23.62403047837717,0
0.9798547104601452,3.733172675966126,3.1954964826426058,8.726133103124711,0
1.1150100618508882,1.8357590720546821,9.28594199533296,17.90869646668118,0
0.8269144737541151,0.7622912340884083,8.963488921802936,4.334971038182608,2
1.4390904608964656,4.326741307549575,0.7685719283080328,19.75775118419709,1
0.6154031802145187,3.3711675663104304,9.690832513185926,6.674437295178275,0
0.5688864649148362,1.4402987263871139,2.6891862310220414,6.788924355139534,0
0.8451104124937222,4.600113254604544,0.8179164364591841,8.8084112086887,0
1.4851303432884202,4.700448763239994,2.080071442943151,31.43099644473468,0
0.9920561229275721,1.1751293649515009,8.249738695070347,13.358828748934542,2
0.6042775744894147,4.307370616744317,8.603774558757575,30.599482147324238,0
1.134047712172797,1.3436432634828153,3.398549158048461,35.70927496632808,0
1.5673237071209931,3.4943558616828154,6.172165816646006,42.94532441669249,0
0.4664569133337279,1.4500853770884212,2.1328822112905055,3.7791069317374246,1
0.9588286644693843,4.314535505955122,1.6080497923640995,0.8512574788207108,0
1.1940173210296927,1.1619069374687592,9.375744786274705,19.145084948965387,0
0.9445952269902032,0.18497945727499915,8.313052882171355,6.796294038301588,0
0.9577275165958307,0.8275830373518421,8.931791699919946,10.461793201297079,0
0.6944809994019903,2.4151969188075255,8.702443905128497,43.452818315953124,1
0.6676274322259034,0.9633252902819015,8.565914700203697,44.84912506575378,0
0.5381264507986182,2.143657211502472,4.693870272936296,44.38281119766481,0
1.216010104310241,1.1463766708864027,7.661385358593828,40.97480852781439,2
0.8183252752694391,1.620122056484892,5.365983464579462,44.19145168275872,0
0.9464823220022703,4.782389009293961,0.5035309559060034,8.268342821922447,2
1.3405076700979721,0.46942416829560174,1.377986779564572,1.4391017336979757,0
0.8036769744605446,2.4781085003173295,3.540138293919272,15.243269255385094,0
0.600639896155865,4.253803914342182,3.217005531960704,25.59905169714262,0
0.8767943615007018,2.0193438048495502,5.785099969165407,20.707143891088286,1
1.07394319758705,4.872885461930814,3.4229220853055797,44.5463500787078,0
0.4430561270609667,0.9938511079075609,4.481596685365843,9.046277938254882,1
1.1673545020039076,0.29192379863276013,4.065995898825494,9.422345843151186,0
0.6539533355399169,0.2916061935887094,3.8785527305549325,36.73941902979458,1
0.5826610436406906,3.1769480622458097,4.8146465309561215,18.799810735077557,0
1.176825688334079,1.9157505367264827,8.259013072283562,20.35567557705481,0
0.7360051048212627,3.2409974684691907,5.21600504082041,30.408137059902618,1
0.601495751427142,4.692808444462866,8.047573647696353,38.694790442487765,0
0.9148158493521249,3.63710631177571,1.8487389635846523,45.03808762790672,0
0.8341704147923976,3.9932557954778276,5.373500119329987,44.411064311443866,0
1.1089843113826614,1.3609302870665743,6.993325080364572,38.34003790792697,0
1.467969405818872,1.522418901544823,3.636182798009569,7.134728505178742,0
0.6341804976164487,2.345162208202776,7.989284785320971,6.655755151633506,0
1.4863615374889432,0.24930400651517987,6.096365987031916,32.69905405261224,0
1.1434647042499242,2.3627903295016157,0.05703491946462862,25.2458515264205,0
0.6546179467541752,3.828084373340572,7.947240025519192,36.75600567097123,0
1.3181412027618893,2.017681514844989,1.6983025400504357,7.784349943125027,0
0.4991344680034344,3.278198800526958,8.354204218439719,42.064250363784915,1
1.4655820333428322,1.2454768116197954,7.186280067861952,0.9060338293822798,0
1.2025882662626939,2.774967085923671,6.992504851696813,8.683607938304855,1
0.9068295244989869,2.6251839284914595,6.833557737916684,22.04970984990304,0
1.1223122097951979,2.4429222210815453,2.368715415880393,43.31069150287223,0
1.478311424518733,3.293833693902143,9.680558289951396,38.38220725116558,1
0.8771518737566398,4.311830001700595,5.762080105512983,30.986686016227072,2
0.8786857009003716,4.314076809724469,5.5908871041493535,35.52338347060784,1
1.3026018624463076,0.3025908064196224,7.920232690586975,14.442192693620193,0
0.9098657218809255,0.3496132334027644,1.0989439297854129,30.888733273611223,0
0.5823431696057243,0.662903898536412,8.424160122496934,38.5181807992329,0
1.193769397835685,4.564693616232455,5.913073814338965,29.9461064149516,1
0.8940991009150074,0.488192823371876,0.7413643023309131,38.17036463355485,1
1.5253097270055738,3.060390138005996,5.139143098426938,33.91233351941699,1
0.5195982224268443,3.1936664923846245,8.662141815251886,15.974973654845227,0
1.0453068864985877,3.0890971546000485,9.020201670626737,30.512154189447656,0
1.1542947225671993,3.7885118424171766,6.222675601775482,22.069501224459355,0
1.4487618683502808,1.8411275971643992,5.223811162365997,40.42973180134043,0
1.3215096117184053,3.5440899087580657,4.967396206572709,6.755432999519608,0
1.4467313018552694,3.451961216402682,1.6747359807699822,42.130164707383685,1
1.187392496473214,0.8276639118545632,1.8412248839798526,19.557964763666117,2
0.7683157225237481,2.4427467987442757,6.931216660601647,20.611664731133587,2
1.326376543969713,4.148887508169562,6.7931155661676845,35.89154933410215,0
1.1172895161279952,2.4476408802885885,0.05705538798592625,15.02323957006774,2
1.2060020693805396,2.510984019916273,3.364140199936308,6.102363956868202,0
0.7873417691160798,4.857401657313905,7.163946515091465,37.62291261221795,2
1.55112601991363,1.2301799174572627,1.3544307391518493,27.71139364666349,1
1.0668145919706964,3.686369874888233,7.326650568462874,42.48289500086288,1
1.3058341706894523,3.2217095265968627,3.5342573623695412,39.140419563194094,1
1.4349542789573593,4.838109361667765,9.25162229155932,4.155030548346887,0
0.9676466017183831,2.8635200588143137,9.151742223617202,34.85467686419593,0
1.2741435096103095,0.5988703681931276,1.8886721446755477,13.439245959719603,0
1.447631213489091,4.917811643036407,7.958995249163765,26.69308590465342,0
0.7326402765244595,1.4096152859282765,3.3706982914928885,17.092296032199496,0
0.7298991249023941,1.5121029248749214,3.5935395721282104,36.80697554461864,0
1.3697827081803313,2.023456038729889,8.37455936701039,40.068104082885725,0
0.7849983149777107,3.928677229880547,5.009296558358371,20.05483666004195,0
0.7233370367998625,0.195154120259746,6.977470413484906,11.421651089913126,0
0.5489768741974786,4.15404769549442,3.0948834881237772,16.29374361927505,0
0.9111320683126691,4.838742895881598,7.658526925710953,11.174299714548482,1
1.3853200684254476,3.6934272798537444,7.103828363332146,31.424150491298125,2
0.750415602576862,0.13769441593349968,9.411590729644885,11.436579006558915,2
1.4821062438417345,4.726230229552749,1.8735821806902246,40.31998656986226,1
0.5190190913401753,0.11949908471207396,2.3398474926223796,9.72546958144892,0
0.7250442442655304,3.3968606947664686,9.70527720850407,1.8995229731677,1
1.1121086309916894,0.038424131064997674,6.233343380238159,39.20852049243108,0
1.2166192558840272,1.5613347917905152,1.3650197535490585,16.62634316398359,1
0.9302609670277141,3.8024874755265414,7.189617623701437,9.895703983145745,1
0.5450771114275167,4.748003279570172,1.715894726589533,28.270151773460068,0
0.9685835693905722,0.2180283170528162,4.9719181112989155,39.09531455903479,0
1.3959797839670636,4.122665888053557,9.248879623211305,17.49299346208839,0
0.6251260186482817,2.4921796182581053,5.007452480412118,7.284871913679483,2
1.0875242577517839,2.927015031563561,5.880103978825985,31.477812349141274,0
1.088277192478003,2.078584966631114,4.1479566764067926,23.45499875919756,1
1.4886763112469112,1.6972728879406649,7.927530148953068,26.961998283802345,0
0.7509120215359802,1.0086484897476546,1.8951563809572378,24.745658687298313,0
1.5044028202470974,1.885046939757691,5.120522175591051,12.061152662741488,0
1.0076215797963946,4.397981636630174,3.5925644786005115,40.23661825888595,0
0.6029406496148801,0.5542602537089093,8.322549630440516,29.44621145624045,2
1.3542640054624762,4.776124484019014,4.562271682547571,25.26128865137156,0
0.6544588031121306,0.8500810943346753,2.1835187959466924,15.277521876361725,0
0.6423877778019763,0.3362826347540451,8.70378272293048,18.39955087833842,0
0.520876340344253,2.81583731011317,5.261965111953732,24.850106495045477,0
0.9380501302382094,4.93943845967727,8.21340497017396,19.61430963565194,0
0.7495349388136391,4.00580552640818,3.748115092752728,28.19518398547075,0
0.6728488414939877,2.161707451675698,9.442846212147316,39.61100534336242,0
1.3633221082648392,4.048236788111089,6.838308439570825,36.69480531390874,1
0.9646198750915675,4.117153339906809,9.330167161120498,10.669232421686882,2
1.0625963895910486,1.2423850699826609,2.750038680059303,17.090303350275146,0
1.2765464332185275,0.2767769277173854,5.8735385138056,43.41230556859958,1
0.8862847898892654,4.481989785042923,1.7044231127457254,13.212327875453788,1
0.6257518055688541,1.144046050797917,0.45755325738872993,8.173146937578325,0
0.5932996132599584,2.5364245481330125,1.486844251890808,19.589255471749816,1
0.8275138481123843,1.1436139031942214,7.215917172548024,40.76429592475816,0
